region_name,channel_name,year,month,avg_deal_size,deals_won
Central,Inbound,2025,7,291.37,1
Central,Partner,2025,7,28.56,1
Central,Inbound,2025,9,87.84,1
Central,Outbound,2025,9,128.63,1
Central,Inbound,2025,10,96.3,1
Central,Outbound,2025,10,110.95,1
Central,Partner,2025,10,170.48,2
Central,Referral,2025,10,170.38,1
Central,Web Signup,2025,10,524.97,1
Central,Outbound,2025,11,49.62,2
Central,Partner,2025,11,387.91,1
Central,Referral,2025,11,662.91,3
Central,Inbound,2025,12,92.35,2
Central,Outbound,2025,12,525.55,7
Central,Partner,2025,12,260.51,4
Central,Referral,2025,12,159.32,1
Central,Inbound,2026,1,305.62,3
Central,Outbound,2026,1,15.11,1
Central,Partner,2026,1,272.99,2
Central,Referral,2026,1,90.83,1
Central,Web Signup,2026,1,364.46,2
Central,Inbound,2026,2,972.82,4
Central,Outbound,2026,2,96.62,1
Central,Partner,2026,2,142.02,1
Central,Referral,2026,2,433.08,1
Central,Web Signup,2026,2,47.29,1
Central,Inbound,2026,3,113.41,3
Central,Outbound,2026,3,520.0,4
Central,Referral,2026,3,625.39,6
Central,Web Signup,2026,3,290.95,1
Central,Inbound,2026,4,422.76,4
Central,Outbound,2026,4,175.4,8
Central,Partner,2026,4,361.44,2
Central,Referral,2026,4,120.18,2
Central,Web Signup,2026,4,252.76,3
Central,Inbound,2026,5,381.49,4
Central,Outbound,2026,5,340.29,4
Central,Partner,2026,5,114.95,2
Central,Referral,2026,5,524.15,4
Central,Web Signup,2026,5,265.12,2
Central,Inbound,2026,6,202.53,5
Central,Outbound,2026,6,134.45,7
Central,Partner,2026,6,570.94,6
Central,Referral,2026,6,2416.48,1
Central,Web Signup,2026,6,1337.17,2
Central,Inbound,2026,7,364.5,4
Central,Outbound,2026,7,227.01,17
Central,Partner,2026,7,938.34,6
Central,Referral,2026,7,290.35,8
Central,Web Signup,2026,7,137.08,1
Central,Inbound,2026,8,326.73,15
Central,Outbound,2026,8,577.66,11
Central,Partner,2026,8,561.14,8
Central,Referral,2026,8,318.35,7
Central,Web Signup,2026,8,217.35,7
Central,Inbound,2026,9,948.84,2
Central,Outbound,2026,9,145.98,2
Central,Partner,2026,9,168.26,1
Central,Web Signup,2026,9,134.54,2
East,Referral,2025,8,661.43,2
East,Inbound,2025,9,83.51,2
East,Inbound,2025,10,163.51,3
East,Outbound,2025,10,121.51,1
East,Partner,2025,10,1244.29,1
East,Referral,2025,10,50.54,2
East,Inbound,2025,11,85.75,2
East,Partner,2025,11,58.6,1
East,Referral,2025,11,278.54,2
East,Web Signup,2025,11,905.67,1
East,Inbound,2025,12,729.61,5
East,Outbound,2025,12,280.78,1
East,Partner,2025,12,434.77,2
East,Referral,2025,12,5420.12,1
East,Inbound,2026,1,392.19,3
East,Outbound,2026,1,693.25,4
East,Partner,2026,1,33.15,1
East,Web Signup,2026,1,103.03,1
East,Inbound,2026,2,306.82,5
East,Outbound,2026,2,362.41,1
East,Referral,2026,2,503.36,3
East,Inbound,2026,3,462.5,7
East,Outbound,2026,3,318.04,11
East,Partner,2026,3,235.53,3
East,Referral,2026,3,248.24,2
East,Web Signup,2026,3,104.45,2
East,Inbound,2026,4,1876.36,7
East,Outbound,2026,4,724.97,4
East,Partner,2026,4,370.04,4
East,Referral,2026,4,934.69,2
East,Web Signup,2026,4,2379.19,3
East,Inbound,2026,5,742.78,8
East,Outbound,2026,5,1123.41,7
East,Partner,2026,5,167.48,3
East,Referral,2026,5,646.5,3
East,Web Signup,2026,5,464.92,3
East,Inbound,2026,6,631.75,5
East,Outbound,2026,6,574.43,8
East,Referral,2026,6,227.52,4
East,Web Signup,2026,6,2139.85,1
East,Inbound,2026,7,1161.97,6
East,Outbound,2026,7,264.28,7
East,Partner,2026,7,239.31,3
East,Referral,2026,7,289.7,6
East,Web Signup,2026,7,345.04,2
East,Inbound,2026,8,700.08,18
East,Outbound,2026,8,419.06,18
East,Partner,2026,8,629.4,11
East,Referral,2026,8,434.22,7
East,Web Signup,2026,8,462.46,10
East,Inbound,2026,9,618.72,1
East,Outbound,2026,9,489.87,5
East,Referral,2026,9,14.42,2
East,Web Signup,2026,9,2613.4,2
North,Outbound,2025,7,224.9,1
North,Partner,2025,9,0.0,1
North,Web Signup,2025,9,53.84,1
North,Inbound,2025,10,536.21,3
North,Partner,2025,10,62.96,1
North,Web Signup,2025,10,26.75,1
North,Inbound,2025,11,33.55,1
North,Outbound,2025,11,147.57,1
North,Referral,2025,11,165.69,1
North,Inbound,2025,12,540.5,3
North,Outbound,2025,12,4324.25,1
North,Partner,2025,12,682.75,1
North,Referral,2025,12,56.47,1
North,Web Signup,2025,12,565.57,2
North,Inbound,2026,1,258.15,2
North,Outbound,2026,1,1190.78,4
North,Web Signup,2026,1,251.49,2
North,Inbound,2026,2,177.23,3
North,Outbound,2026,2,247.01,1
North,Partner,2026,2,4729.75,1
North,Referral,2026,2,189.05,3
North,Web Signup,2026,2,167.91,2
North,Inbound,2026,3,93.06,3
North,Outbound,2026,3,256.49,3
North,Partner,2026,3,372.58,1
North,Referral,2026,3,41.39,2
North,Web Signup,2026,3,513.34,1
North,Inbound,2026,4,320.79,1
North,Outbound,2026,4,377.87,2
North,Partner,2026,4,125.02,2
North,Referral,2026,4,69.88,2
North,Inbound,2026,5,424.79,1
North,Outbound,2026,5,785.13,3
North,Partner,2026,5,313.57,2
North,Referral,2026,5,840.73,4
North,Inbound,2026,6,294.54,6
North,Outbound,2026,6,239.95,4
North,Partner,2026,6,490.5,2
North,Referral,2026,6,966.58,1
North,Web Signup,2026,6,701.32,3
North,Inbound,2026,7,1645.22,6
North,Outbound,2026,7,852.27,5
North,Partner,2026,7,621.2,4
North,Referral,2026,7,442.43,5
North,Web Signup,2026,7,241.56,1
North,Inbound,2026,8,421.69,8
North,Outbound,2026,8,381.12,2
North,Partner,2026,8,592.68,5
North,Referral,2026,8,342.8,1
North,Web Signup,2026,8,79.47,2
North,Inbound,2026,9,10.64,1
North,Outbound,2026,9,268.66,2
North,Partner,2026,9,256.9,1
North,Referral,2026,9,752.31,1
South,Inbound,2025,9,445.74,3
South,Referral,2025,10,1938.4,1
South,Inbound,2025,11,781.09,2
South,Outbound,2025,11,74.92,1
South,Inbound,2025,12,550.53,3
South,Outbound,2025,12,98.78,1
South,Referral,2025,12,152.81,2
South,Inbound,2026,1,230.44,5
South,Partner,2026,1,1927.71,1
South,Referral,2026,1,15.65,1
South,Inbound,2026,2,527.65,4
South,Outbound,2026,2,1310.06,3
South,Referral,2026,2,25.45,1
South,Inbound,2026,3,70.68,2
South,Outbound,2026,3,448.6,1
South,Partner,2026,3,628.46,2
South,Referral,2026,3,578.27,4
South,Web Signup,2026,3,820.64,1
South,Inbound,2026,4,641.23,3
South,Outbound,2026,4,64.95,7
South,Partner,2026,4,1492.34,1
South,Referral,2026,4,164.68,2
South,Inbound,2026,5,86.05,3
South,Outbound,2026,5,374.34,6
South,Partner,2026,5,85.72,1
South,Inbound,2026,6,310.96,1
South,Outbound,2026,6,527.15,8
South,Partner,2026,6,1014.38,3
South,Referral,2026,6,196.62,1
South,Web Signup,2026,6,659.13,2
South,Inbound,2026,7,282.44,10
South,Outbound,2026,7,882.47,4
South,Partner,2026,7,159.92,3
South,Referral,2026,7,120.66,2
South,Web Signup,2026,7,163.51,2
South,Inbound,2026,8,798.27,12
South,Outbound,2026,8,214.04,8
South,Partner,2026,8,1599.94,5
South,Referral,2026,8,987.15,6
South,Web Signup,2026,8,371.13,3
South,Outbound,2026,9,66.71,1
South,Partner,2026,9,104.52,1
West,Outbound,2025,8,53.24,1
West,Web Signup,2025,8,27.87,1
West,Web Signup,2025,9,166.2,1
West,Inbound,2025,10,244.83,2
West,Outbound,2025,10,2632.68,2
West,Referral,2025,10,457.43,1
West,Web Signup,2025,10,13.9,1
West,Outbound,2025,11,639.41,2
West,Partner,2025,11,537.77,3
West,Web Signup,2025,11,167.55,1
West,Inbound,2025,12,151.46,3
West,Outbound,2025,12,184.37,1
West,Partner,2025,12,590.62,1
West,Referral,2025,12,126.51,1
West,Inbound,2026,1,121.43,4
West,Outbound,2026,1,1027.65,6
West,Partner,2026,1,23.55,1
West,Referral,2026,1,319.6,1
West,Web Signup,2026,1,357.65,3
West,Inbound,2026,2,668.47,6
West,Outbound,2026,2,340.12,3
West,Partner,2026,2,7.16,1
West,Referral,2026,2,1023.73,3
West,Web Signup,2026,2,691.46,4
West,Inbound,2026,3,256.1,5
West,Outbound,2026,3,514.4,3
West,Partner,2026,3,1203.08,2
West,Referral,2026,3,142.54,1
West,Inbound,2026,4,535.97,6
West,Outbound,2026,4,125.03,8
West,Partner,2026,4,984.49,3
West,Web Signup,2026,4,172.75,1
West,Inbound,2026,5,378.09,9
West,Outbound,2026,5,731.21,5
West,Partner,2026,5,137.79,2
West,Referral,2026,5,1611.71,2
West,Web Signup,2026,5,801.47,2
West,Inbound,2026,6,233.24,14
West,Outbound,2026,6,242.62,9
West,Partner,2026,6,1443.74,4
West,Referral,2026,6,241.2,3
West,Web Signup,2026,6,74.64,3
West,Inbound,2026,7,449.94,14
West,Outbound,2026,7,391.61,11
West,Partner,2026,7,850.27,7
West,Referral,2026,7,1445.55,5
West,Web Signup,2026,7,536.19,5
West,Inbound,2026,8,493.08,17
West,Outbound,2026,8,314.89,13
West,Partner,2026,8,320.95,9
West,Referral,2026,8,1857.75,5
West,Web Signup,2026,8,133.71,6
West,Inbound,2026,9,266.94,5
West,Outbound,2026,9,890.96,3
